a,A.,Aab,Aaron,Abacuc,Abaddir,Abaddon,Abadir,abanet,abaneth,Abaris,abba,Abel,Abessalom,Abessalon,Abia,Abiathar,Abraham,Absalom,Achaz,Adam,Alasit,alcali,alchiebabat,Ali,almezereon,alpha,Ambr.,Ambros.,ami,ananas,API,apoth.,Apul.,Ararat,Arelate,arihel,Aron,Aruci,Asa,Aser,Astigi,astu,asty,Aug.,Aunes,Aus.,Baal,BAO,barazda,Barlaam,be,Beelzebub,belzebuth,Beniamin,Benjamin,Bergen super Zoem,beta,Bethleem,Bethlehem,Bethlem,borith,bregma,C.,Caere,Caleb,Callet,cap.,Cap.,Capel.,caph,Capharnaum,carui,casleu,ce,cenit,ceniz,Cham,Chanaan,Char.,Charis.,cherub,Chinalaf,Chullu,cici,CIL,Cn.,cochl.,cof,commi,consul.,coph,corban,Cosar,Cosri,CSEL,Cuicul,cummi,D.,Dan.,Dasibari,David,de,deleth,diapente,diatessaron,dicis,diss.,e,ef,el,Elisabeth,elul,em,Emmaus,en,eocle,Ephraim,epigr.,epos,er,es,Es.,esse,Esther,Euhan,Eutr.,ex,expos.,fas,FD,Figenoiama,Figenojama,Firm.,Forath,form.,Fort.,Franeq.,frit,Front.,Fut,Gabriel,Gamaliel,gau,ge,Gelboe,Ger,Gethsemani,Gifil,git,gith,Giti,gloss.,Goes.,Goliath,gomor,grom.,gry,gummi,Gunugu,ha,habere,Haran,Hebron,Heli,Her.,herb.,Hester,hethanim,Hierusalem,hir,hoitzitzillin,Hordienko,Hsch.,huiuscemodi,hujuscemodi,i,Iabes,Iacob,Iaphet,Id.,idos,Iehova,Iericho,Igilgili,Illiberi,Illiturgi,Ilorci,inst.,instar,Ioakim,Iob,Iol,Ioseph,Iosue,ioth,ir,Isa.,Isaac,Isdrahel,Israel,Israhel,Istrahel,Itucci,Iud.,ix,Jonathan,Jud.,JUL,ka,Kal.,koppa,ku,Kyrie eleison,kyrieleison,L.,l.,Lact.,lameth,Lastigi,Laud,Levi,Lov.,Luc.,Lucil.,M',M'.,M.,M.',M.-Emp.,m.p.,M.’,Mabog,macir,mane,Mangi,Mart.,Matt.,Mel.,mezereon,Mich.,Minyeides,Miphiboseth,miscix,Moer.,Mos.,Muthul,M’,M’.,N.,n. Tir.,Nabal,nabun,Naim,Narmalcha,Nathabur,Nathan,Nathanael,Nazareth,nefas,Nep.,nihil,nihildum,nil,Noe,Non.,nonnihil,not.,not. Tir.,not. Tiron.,o,Olontigi,Oningi,op.,Osee,Osset,Ossigi,Othin,P,Pater noster,pe,Ph.B.,Ph.D.,phase,Phthenethu,Plac.,placere,posse,Prud.,Putput,Q.,rabbi,rabboni,raca,Ragondo,Rha,rhet.,ribes,Rusadir,S.,S. R. E.,S. R. I.,S.I.,S.R.I.,Saba,Sabaoth,sabath,sacal,Sacerd.,samech,Samuel,Sap.,Satan,Saul,Scal.,sched.,schediasm.,schesam,sebboleth,secus,SEG,Sel,Sem,Semei,senape,Sennacherib,Septuaginta,Ser.,seraphim,seraphin,serm.,setthim,Siagul,siban,Siloe,Simittu,sinapi,Sirach,Sitell.,Sitifi,Sosintigi,Sp.,SRI,Stachir,Subi,Subur,supp.,T.,talitha,tantumdem,tantundem,te,tebeth,Tempe,Termes,Tert.,Thamugadi,Thanar,thau,thecel,Thelabib,therafin,Ti.,Timici,Tokio,trit,TTT,Tuburbi,Tubusuptu,Tucci,Tuder,u,Urci,Uriel,vademecum,Val.,Valent.,Vop.,Vulg.,X̄,y,ypsilon,zeta,zimpiberi,zingiberi,Zonar.,Ɔ,ꟻ,ꟼ,ꟽ,ꟿ,